317,/2/1/,2013/12/29 13:51:58
318,/2/1/,2013/12/29 13:51:58
319,/2/1/,2013/12/29 13:51:58
506,/3/1/,2013/12/29 13:51:58
506,/3/2/,2013/12/29 13:51:58
514,/3/4/,2013/12/29 13:51:58
515,/3/4/,2013/12/29 13:51:58
516,/3/4/,2013/12/29 13:51:58
517,/3/4/,2013/12/29 13:51:58
518,/3/4/,2013/12/29 13:51:58
519,/3/4/,2013/12/29 13:51:58
520,/3/4/,2013/12/29 13:51:58
521,/3/4/,2013/12/29 13:51:58
522,/3/4/,2013/12/29 13:51:58
928,/2/1/,2013/12/29 13:51:58
929,/2/1/,2013/12/29 13:51:58
930,/2/1/,2013/12/29 13:51:58
931,/2/1/,2013/12/29 13:51:58
932,/2/1/,2013/12/29 13:51:58
933,/2/1/,2013/12/29 13:51:58
934,/2/1/,2013/12/29 13:51:58
935,/3/3/,2013/12/29 13:51:58
936,/3/3/,2013/12/29 13:51:58
937,/3/3/,2013/12/29 13:51:58
938,/3/3/,2013/12/29 13:51:58
939,/3/3/,2013/12/29 13:51:58
940,/3/3/,2013/12/29 13:51:58
941,/3/3/,2013/12/29 13:51:58
977,/1/1/,2013/12/29 13:51:58
997,/1/1/,2013/12/29 13:51:58
998,/1/1/,2013/12/29 13:51:58
999,/1/1/,2013/12/29 13:51:58
